objectid,parentid,display_template,sequence,filename,object_location,image_alt_text,image_small,image_thumb,title,object_transcript,ark,avian_id,uid,archival_call_number,archival_collection,finding_aid_ark,physical_location,archival_series_title,folder_title,box,folder_num,contributing_institution,contributing_institution_uri,creator,creator_uri,interviewee,interviewee_uri,interviewer,interviewer_uri,contributor,contributor_uri,description,disclaimer,language,chronological_subject,name_subject,name_subject_uri,subject,subject_uri,location,location_uri,latitude,longitude,geodetic_datum,extent,medium,medium_uri,genre,genre_uri,type,format,rights,rightsstatement,date,date_digital,publisher,publisher_uri,issuance,issuance_start,issuance_end,frequency,relation,relation_uri,digital_origin
ccparry_74,,compound_object,0,,,,,,"Charles C. Parry field notebook no. 2: botany & geology, 1849-1850",,https://n2t.net/ark:/87292/w9s26d,,,MS 290,Charles Christopher Parry papers,https://n2t.net/ark:/87292/w9pf5w,,,,,,Iowa State University. Special Collections and University Archives,http://id.loc.gov/authorities/names/no2021021777,"Parry, C. C. (Charles Christopher), 1823-1890",http://id.loc.gov/authorities/names/n86873137,,,,,,,"Field notes on the botany, geography, and climate of Southern California. Includes detailed botanical descriptions of several species of plants.",,eng,1840s;1850s,,,Botany;Geography;Scientific expeditions;Cactus;Weather;Imperialism,http://id.worldcat.org/fast/836869;http://id.worldcat.org/fast/940469;http://id.worldcat.org/fast/1108847;http://id.worldcat.org/fast/843694;http://id.worldcat.org/fast/1173087;http://id.worldcat.org/fast/968126,North America--Mexican-American Border Region;California;North America--Colorado River;California--Los Angeles;California--San Diego,http://id.worldcat.org/fast/1239966;http://id.worldcat.org/fast/1204928;http://id.worldcat.org/fast/1240026;http://id.worldcat.org/fast/1204540;http://id.worldcat.org/fast/1205232,,,,148 pages,,,diaries,http://vocab.getty.edu/aat/300027112,Text,image/tiff,"The Iowa State University Library believes that this item is in the public domain under the laws of the United States, but a determination was not made as to its copyright status under the copyright laws of other countries. The item may not be in the public domain under the laws of other countries.",http://rightsstatements.org/vocab/NoC-US/1.0/,1849/1850,2013-11-01,Iowa State University. Library,http://id.loc.gov/authorities/names/n82160893,,,,,Charles Christopher Parry,https://n2t.net/ark:/87292/w9q52fc51,reformatted digital
ccparry_0,ccparry_74,image,1,0290_parry-notebook_10-000000.jpg,/objects/0290_parry-notebook_10-000000.jpg,,/objects/0290_parry-notebook_10-000000.jpg_small.jpg,/objects//objects/0290_parry-notebook_10-000000.jpg_th.jpg,Front cover,,,,,MS 290,Charles Christopher Parry papers,https://n2t.net/ark:/87292/w9pf5w,,,,,,Iowa State University. Special Collections and University Archives,http://id.loc.gov/authorities/names/no2021021777,,,,,,,,,,,eng,,,,,,,,,,,,,,,,Text,image/tiff,"The Iowa State University Library believes that this item is in the public domain under the laws of the United States, but a determination was not made as to its copyright status under the copyright laws of other countries. The item may not be in the public domain under the laws of other countries.",http://rightsstatements.org/vocab/NoC-US/1.0/,,,,,,,,,Charles Christopher Parry,https://n2t.net/ark:/87292/w9q52fc51,reformatted digital
ccparry_1,ccparry_74,image,2,0290_parry-notebook_10-00000.jpg,/objects/0290_parry-notebook_10-00000.jpg,,/objects/0290_parry-notebook_10-00000.jpg_small.jpg,/objects//objects/0290_parry-notebook_10-00000.jpg_th.jpg,Preliminaries,,,,,MS 290,Charles Christopher Parry papers,https://n2t.net/ark:/87292/w9pf5w,,,,,,Iowa State University. Special Collections and University Archives,http://id.loc.gov/authorities/names/no2021021777,,,,,,,,,,,eng,,,,,,,,,,,,,,,,Text,image/tiff,"The Iowa State University Library believes that this item is in the public domain under the laws of the United States, but a determination was not made as to its copyright status under the copyright laws of other countries. The item may not be in the public domain under the laws of other countries.",http://rightsstatements.org/vocab/NoC-US/1.0/,,,,,,,,,Charles Christopher Parry,https://n2t.net/ark:/87292/w9q52fc51,reformatted digital
ccparry_2,ccparry_74,image,3,0290_parry-notebook_10-0000.jpg,/objects/0290_parry-notebook_10-0000.jpg,,/objects/0290_parry-notebook_10-0000.jpg_small.jpg,/objects//objects/0290_parry-notebook_10-0000.jpg_th.jpg,Title page,,,,,MS 290,Charles Christopher Parry papers,https://n2t.net/ark:/87292/w9pf5w,,,,,,Iowa State University. Special Collections and University Archives,http://id.loc.gov/authorities/names/no2021021777,,,,,,,,,,,eng,,,,,,,,,,,,,,,,Text,image/tiff,"The Iowa State University Library believes that this item is in the public domain under the laws of the United States, but a determination was not made as to its copyright status under the copyright laws of other countries. The item may not be in the public domain under the laws of other countries.",http://rightsstatements.org/vocab/NoC-US/1.0/,,,,,,,,,Charles Christopher Parry,https://n2t.net/ark:/87292/w9q52fc51,reformatted digital
ccparry_3,ccparry_74,image,4,0290_parry-notebook_10-000.jpg,/objects/0290_parry-notebook_10-000.jpg,,/objects/0290_parry-notebook_10-000.jpg_small.jpg,/objects//objects/0290_parry-notebook_10-000.jpg_th.jpg,Preliminaries,,,,,MS 290,Charles Christopher Parry papers,https://n2t.net/ark:/87292/w9pf5w,,,,,,Iowa State University. Special Collections and University Archives,http://id.loc.gov/authorities/names/no2021021777,,,,,,,,,,,eng,,,,,,,,,,,,,,,,Text,image/tiff,"The Iowa State University Library believes that this item is in the public domain under the laws of the United States, but a determination was not made as to its copyright status under the copyright laws of other countries. The item may not be in the public domain under the laws of other countries.",http://rightsstatements.org/vocab/NoC-US/1.0/,,,,,,,,,Charles Christopher Parry,https://n2t.net/ark:/87292/w9q52fc51,reformatted digital
ccparry_4,ccparry_74,image,5,0290_parry-notebook_10-001.jpg,/objects/0290_parry-notebook_10-001.jpg,,/objects/0290_parry-notebook_10-001.jpg_small.jpg,/objects//objects/0290_parry-notebook_10-001.jpg_th.jpg,Descriptions & notes of plants,,,,,MS 290,Charles Christopher Parry papers,https://n2t.net/ark:/87292/w9pf5w,,,,,,Iowa State University. Special Collections and University Archives,http://id.loc.gov/authorities/names/no2021021777,,,,,,,,,,,eng,,,,,,,,,,,,,,,,Text,image/tiff,"The Iowa State University Library believes that this item is in the public domain under the laws of the United States, but a determination was not made as to its copyright status under the copyright laws of other countries. The item may not be in the public domain under the laws of other countries.",http://rightsstatements.org/vocab/NoC-US/1.0/,,,,,,,,,Charles Christopher Parry,https://n2t.net/ark:/87292/w9q52fc51,reformatted digital
ccparry_5,ccparry_74,image,6,0290_parry-notebook_10-002.jpg,/objects/0290_parry-notebook_10-002.jpg,,/objects/0290_parry-notebook_10-002.jpg_small.jpg,/objects//objects/0290_parry-notebook_10-002.jpg_th.jpg,Descriptions & notes of plants,,,,,MS 290,Charles Christopher Parry papers,https://n2t.net/ark:/87292/w9pf5w,,,,,,Iowa State University. Special Collections and University Archives,http://id.loc.gov/authorities/names/no2021021777,,,,,,,,,,,eng,,,,,,,,,,,,,,,,Text,image/tiff,"The Iowa State University Library believes that this item is in the public domain under the laws of the United States, but a determination was not made as to its copyright status under the copyright laws of other countries. The item may not be in the public domain under the laws of other countries.",http://rightsstatements.org/vocab/NoC-US/1.0/,,,,,,,,,Charles Christopher Parry,https://n2t.net/ark:/87292/w9q52fc51,reformatted digital
ccparry_6,ccparry_74,image,7,0290_parry-notebook_10-003.jpg,/objects/0290_parry-notebook_10-003.jpg,,/objects/0290_parry-notebook_10-003.jpg_small.jpg,/objects//objects/0290_parry-notebook_10-003.jpg_th.jpg,Description of Cactaceae near San Diego,,,,,MS 290,Charles Christopher Parry papers,https://n2t.net/ark:/87292/w9pf5w,,,,,,Iowa State University. Special Collections and University Archives,http://id.loc.gov/authorities/names/no2021021777,,,,,,,,,,,eng,,,,,,,,,,,,,,,,Text,image/tiff,"The Iowa State University Library believes that this item is in the public domain under the laws of the United States, but a determination was not made as to its copyright status under the copyright laws of other countries. The item may not be in the public domain under the laws of other countries.",http://rightsstatements.org/vocab/NoC-US/1.0/,,,,,,,,,Charles Christopher Parry,https://n2t.net/ark:/87292/w9q52fc51,reformatted digital
ccparry_7,ccparry_74,image,8,0290_parry-notebook_10-004.jpg,/objects/0290_parry-notebook_10-004.jpg,,/objects/0290_parry-notebook_10-004.jpg_small.jpg,/objects//objects/0290_parry-notebook_10-004.jpg_th.jpg,Description of Cactaceae near San Diego,,,,,MS 290,Charles Christopher Parry papers,https://n2t.net/ark:/87292/w9pf5w,,,,,,Iowa State University. Special Collections and University Archives,http://id.loc.gov/authorities/names/no2021021777,,,,,,,,,,,eng,,,,,,,,,,,,,,,,Text,image/tiff,"The Iowa State University Library believes that this item is in the public domain under the laws of the United States, but a determination was not made as to its copyright status under the copyright laws of other countries. The item may not be in the public domain under the laws of other countries.",http://rightsstatements.org/vocab/NoC-US/1.0/,,,,,,,,,Charles Christopher Parry,https://n2t.net/ark:/87292/w9q52fc51,reformatted digital
ccparry_8,ccparry_74,image,9,0290_parry-notebook_10-005.jpg,/objects/0290_parry-notebook_10-005.jpg,,/objects/0290_parry-notebook_10-005.jpg_small.jpg,/objects//objects/0290_parry-notebook_10-005.jpg_th.jpg,Description of Cactaceae near San Diego,,,,,MS 290,Charles Christopher Parry papers,https://n2t.net/ark:/87292/w9pf5w,,,,,,Iowa State University. Special Collections and University Archives,http://id.loc.gov/authorities/names/no2021021777,,,,,,,,,,,eng,,,,,,,,,,,,,,,,Text,image/tiff,"The Iowa State University Library believes that this item is in the public domain under the laws of the United States, but a determination was not made as to its copyright status under the copyright laws of other countries. The item may not be in the public domain under the laws of other countries.",http://rightsstatements.org/vocab/NoC-US/1.0/,,,,,,,,,Charles Christopher Parry,https://n2t.net/ark:/87292/w9q52fc51,reformatted digital
ccparry_9,ccparry_74,image,10,0290_parry-notebook_10-006.jpg,/objects/0290_parry-notebook_10-006.jpg,,/objects/0290_parry-notebook_10-006.jpg_small.jpg,/objects//objects/0290_parry-notebook_10-006.jpg_th.jpg,Description of Cactaceae near San Diego,,,,,MS 290,Charles Christopher Parry papers,https://n2t.net/ark:/87292/w9pf5w,,,,,,Iowa State University. Special Collections and University Archives,http://id.loc.gov/authorities/names/no2021021777,,,,,,,,,,,eng,,,,,,,,,,,,,,,,Text,image/tiff,"The Iowa State University Library believes that this item is in the public domain under the laws of the United States, but a determination was not made as to its copyright status under the copyright laws of other countries. The item may not be in the public domain under the laws of other countries.",http://rightsstatements.org/vocab/NoC-US/1.0/,,,,,,,,,Charles Christopher Parry,https://n2t.net/ark:/87292/w9q52fc51,reformatted digital
ccparry_10,ccparry_74,image,11,0290_parry-notebook_10-007.jpg,/objects/0290_parry-notebook_10-007.jpg,,/objects/0290_parry-notebook_10-007.jpg_small.jpg,/objects//objects/0290_parry-notebook_10-007.jpg_th.jpg,Description of Cactaceae near San Diego,,,,,MS 290,Charles Christopher Parry papers,https://n2t.net/ark:/87292/w9pf5w,,,,,,Iowa State University. Special Collections and University Archives,http://id.loc.gov/authorities/names/no2021021777,,,,,,,,,,,eng,,,,,,,,,,,,,,,,Text,image/tiff,"The Iowa State University Library believes that this item is in the public domain under the laws of the United States, but a determination was not made as to its copyright status under the copyright laws of other countries. The item may not be in the public domain under the laws of other countries.",http://rightsstatements.org/vocab/NoC-US/1.0/,,,,,,,,,Charles Christopher Parry,https://n2t.net/ark:/87292/w9q52fc51,reformatted digital
ccparry_11,ccparry_74,image,12,0290_parry-notebook_10-008.jpg,/objects/0290_parry-notebook_10-008.jpg,,/objects/0290_parry-notebook_10-008.jpg_small.jpg,/objects//objects/0290_parry-notebook_10-008.jpg_th.jpg,Description of Cactaceae near San Diego,,,,,MS 290,Charles Christopher Parry papers,https://n2t.net/ark:/87292/w9pf5w,,,,,,Iowa State University. Special Collections and University Archives,http://id.loc.gov/authorities/names/no2021021777,,,,,,,,,,,eng,,,,,,,,,,,,,,,,Text,image/tiff,"The Iowa State University Library believes that this item is in the public domain under the laws of the United States, but a determination was not made as to its copyright status under the copyright laws of other countries. The item may not be in the public domain under the laws of other countries.",http://rightsstatements.org/vocab/NoC-US/1.0/,,,,,,,,,Charles Christopher Parry,https://n2t.net/ark:/87292/w9q52fc51,reformatted digital
ccparry_12,ccparry_74,image,13,0290_parry-notebook_10-009.jpg,/objects/0290_parry-notebook_10-009.jpg,,/objects/0290_parry-notebook_10-009.jpg_small.jpg,/objects//objects/0290_parry-notebook_10-009.jpg_th.jpg,Description of Cactaceae near San Diego,,,,,MS 290,Charles Christopher Parry papers,https://n2t.net/ark:/87292/w9pf5w,,,,,,Iowa State University. Special Collections and University Archives,http://id.loc.gov/authorities/names/no2021021777,,,,,,,,,,,eng,,,,,,,,,,,,,,,,Text,image/tiff,"The Iowa State University Library believes that this item is in the public domain under the laws of the United States, but a determination was not made as to its copyright status under the copyright laws of other countries. The item may not be in the public domain under the laws of other countries.",http://rightsstatements.org/vocab/NoC-US/1.0/,,,,,,,,,Charles Christopher Parry,https://n2t.net/ark:/87292/w9q52fc51,reformatted digital
ccparry_13,ccparry_74,image,14,0290_parry-notebook_10-010.jpg,/objects/0290_parry-notebook_10-010.jpg,,/objects/0290_parry-notebook_10-010.jpg_small.jpg,/objects//objects/0290_parry-notebook_10-010.jpg_th.jpg,Description of Cactaceae near San Diego,,,,,MS 290,Charles Christopher Parry papers,https://n2t.net/ark:/87292/w9pf5w,,,,,,Iowa State University. Special Collections and University Archives,http://id.loc.gov/authorities/names/no2021021777,,,,,,,,,,,eng,,,,,,,,,,,,,,,,Text,image/tiff,"The Iowa State University Library believes that this item is in the public domain under the laws of the United States, but a determination was not made as to its copyright status under the copyright laws of other countries. The item may not be in the public domain under the laws of other countries.",http://rightsstatements.org/vocab/NoC-US/1.0/,,,,,,,,,Charles Christopher Parry,https://n2t.net/ark:/87292/w9q52fc51,reformatted digital
ccparry_14,ccparry_74,image,15,0290_parry-notebook_10-011.jpg,/objects/0290_parry-notebook_10-011.jpg,,/objects/0290_parry-notebook_10-011.jpg_small.jpg,/objects//objects/0290_parry-notebook_10-011.jpg_th.jpg,Description of Cactaceae near San Diego,,,,,MS 290,Charles Christopher Parry papers,https://n2t.net/ark:/87292/w9pf5w,,,,,,Iowa State University. Special Collections and University Archives,http://id.loc.gov/authorities/names/no2021021777,,,,,,,,,,,eng,,,,,,,,,,,,,,,,Text,image/tiff,"The Iowa State University Library believes that this item is in the public domain under the laws of the United States, but a determination was not made as to its copyright status under the copyright laws of other countries. The item may not be in the public domain under the laws of other countries.",http://rightsstatements.org/vocab/NoC-US/1.0/,,,,,,,,,Charles Christopher Parry,https://n2t.net/ark:/87292/w9q52fc51,reformatted digital
ccparry_15,ccparry_74,image,16,0290_parry-notebook_10-012.jpg,/objects/0290_parry-notebook_10-012.jpg,,/objects/0290_parry-notebook_10-012.jpg_small.jpg,/objects//objects/0290_parry-notebook_10-012.jpg_th.jpg,Description of Cactaceae near San Diego,,,,,MS 290,Charles Christopher Parry papers,https://n2t.net/ark:/87292/w9pf5w,,,,,,Iowa State University. Special Collections and University Archives,http://id.loc.gov/authorities/names/no2021021777,,,,,,,,,,,eng,,,,,,,,,,,,,,,,Text,image/tiff,"The Iowa State University Library believes that this item is in the public domain under the laws of the United States, but a determination was not made as to its copyright status under the copyright laws of other countries. The item may not be in the public domain under the laws of other countries.",http://rightsstatements.org/vocab/NoC-US/1.0/,,,,,,,,,Charles Christopher Parry,https://n2t.net/ark:/87292/w9q52fc51,reformatted digital
ccparry_16,ccparry_74,image,17,0290_parry-notebook_10-013.jpg,/objects/0290_parry-notebook_10-013.jpg,,/objects/0290_parry-notebook_10-013.jpg_small.jpg,/objects//objects/0290_parry-notebook_10-013.jpg_th.jpg,"Journal Continued from Notebook No. 1, March 18th, 1850--page 1",,,,,MS 290,Charles Christopher Parry papers,https://n2t.net/ark:/87292/w9pf5w,,,,,,Iowa State University. Special Collections and University Archives,http://id.loc.gov/authorities/names/no2021021777,,,,,,,,,,,eng,,,,,,,,,,,,,,,,Text,image/tiff,"The Iowa State University Library believes that this item is in the public domain under the laws of the United States, but a determination was not made as to its copyright status under the copyright laws of other countries. The item may not be in the public domain under the laws of other countries.",http://rightsstatements.org/vocab/NoC-US/1.0/,,,,,,,,,Charles Christopher Parry,https://n2t.net/ark:/87292/w9q52fc51,reformatted digital
ccparry_17,ccparry_74,image,18,0290_parry-notebook_10-014.jpg,/objects/0290_parry-notebook_10-014.jpg,,/objects/0290_parry-notebook_10-014.jpg_small.jpg,/objects//objects/0290_parry-notebook_10-014.jpg_th.jpg,"Journal Continued from Notebook No. 1, March 18th, 1850--page 2",,,,,MS 290,Charles Christopher Parry papers,https://n2t.net/ark:/87292/w9pf5w,,,,,,Iowa State University. Special Collections and University Archives,http://id.loc.gov/authorities/names/no2021021777,,,,,,,,,,,eng,,,,,,,,,,,,,,,,Text,image/tiff,"The Iowa State University Library believes that this item is in the public domain under the laws of the United States, but a determination was not made as to its copyright status under the copyright laws of other countries. The item may not be in the public domain under the laws of other countries.",http://rightsstatements.org/vocab/NoC-US/1.0/,,,,,,,,,Charles Christopher Parry,https://n2t.net/ark:/87292/w9q52fc51,reformatted digital
ccparry_18,ccparry_74,image,19,0290_parry-notebook_10-015.jpg,/objects/0290_parry-notebook_10-015.jpg,,/objects/0290_parry-notebook_10-015.jpg_small.jpg,/objects//objects/0290_parry-notebook_10-015.jpg_th.jpg,"Journal Continued from Notebook No. 1, March 18th, 1850--page 3",,,,,MS 290,Charles Christopher Parry papers,https://n2t.net/ark:/87292/w9pf5w,,,,,,Iowa State University. Special Collections and University Archives,http://id.loc.gov/authorities/names/no2021021777,,,,,,,,,,,eng,,,,,,,,,,,,,,,,Text,image/tiff,"The Iowa State University Library believes that this item is in the public domain under the laws of the United States, but a determination was not made as to its copyright status under the copyright laws of other countries. The item may not be in the public domain under the laws of other countries.",http://rightsstatements.org/vocab/NoC-US/1.0/,,,,,,,,,Charles Christopher Parry,https://n2t.net/ark:/87292/w9q52fc51,reformatted digital
ccparry_19,ccparry_74,image,20,0290_parry-notebook_10-016.jpg,/objects/0290_parry-notebook_10-016.jpg,,/objects/0290_parry-notebook_10-016.jpg_small.jpg,/objects//objects/0290_parry-notebook_10-016.jpg_th.jpg,"Journal Continued from Notebook No. 1, March 18th, 1850--page 4",,,,,MS 290,Charles Christopher Parry papers,https://n2t.net/ark:/87292/w9pf5w,,,,,,Iowa State University. Special Collections and University Archives,http://id.loc.gov/authorities/names/no2021021777,,,,,,,,,,,eng,,,,,,,,,,,,,,,,Text,image/tiff,"The Iowa State University Library believes that this item is in the public domain under the laws of the United States, but a determination was not made as to its copyright status under the copyright laws of other countries. The item may not be in the public domain under the laws of other countries.",http://rightsstatements.org/vocab/NoC-US/1.0/,,,,,,,,,Charles Christopher Parry,https://n2t.net/ark:/87292/w9q52fc51,reformatted digital
ccparry_20,ccparry_74,image,21,0290_parry-notebook_10-017.jpg,/objects/0290_parry-notebook_10-017.jpg,,/objects/0290_parry-notebook_10-017.jpg_small.jpg,/objects//objects/0290_parry-notebook_10-017.jpg_th.jpg,"Journal Continued from Notebook No. 1, March 18th, 1850--page 5",,,,,MS 290,Charles Christopher Parry papers,https://n2t.net/ark:/87292/w9pf5w,,,,,,Iowa State University. Special Collections and University Archives,http://id.loc.gov/authorities/names/no2021021777,,,,,,,,,,,eng,,,,,,,,,,,,,,,,Text,image/tiff,"The Iowa State University Library believes that this item is in the public domain under the laws of the United States, but a determination was not made as to its copyright status under the copyright laws of other countries. The item may not be in the public domain under the laws of other countries.",http://rightsstatements.org/vocab/NoC-US/1.0/,,,,,,,,,Charles Christopher Parry,https://n2t.net/ark:/87292/w9q52fc51,reformatted digital
ccparry_21,ccparry_74,image,22,0290_parry-notebook_10-018.jpg,/objects/0290_parry-notebook_10-018.jpg,,/objects/0290_parry-notebook_10-018.jpg_small.jpg,/objects//objects/0290_parry-notebook_10-018.jpg_th.jpg,"Journal Continued from Notebook No. 1, March 18th, 1850--page 6",,,,,MS 290,Charles Christopher Parry papers,https://n2t.net/ark:/87292/w9pf5w,,,,,,Iowa State University. Special Collections and University Archives,http://id.loc.gov/authorities/names/no2021021777,,,,,,,,,,,eng,,,,,,,,,,,,,,,,Text,image/tiff,"The Iowa State University Library believes that this item is in the public domain under the laws of the United States, but a determination was not made as to its copyright status under the copyright laws of other countries. The item may not be in the public domain under the laws of other countries.",http://rightsstatements.org/vocab/NoC-US/1.0/,,,,,,,,,Charles Christopher Parry,https://n2t.net/ark:/87292/w9q52fc51,reformatted digital
ccparry_22,ccparry_74,image,23,0290_parry-notebook_10-019.jpg,/objects/0290_parry-notebook_10-019.jpg,,/objects/0290_parry-notebook_10-019.jpg_small.jpg,/objects//objects/0290_parry-notebook_10-019.jpg_th.jpg,"Journal Continued from Notebook No. 1, March 18th, 1850--page 7",,,,,MS 290,Charles Christopher Parry papers,https://n2t.net/ark:/87292/w9pf5w,,,,,,Iowa State University. Special Collections and University Archives,http://id.loc.gov/authorities/names/no2021021777,,,,,,,,,,,eng,,,,,,,,,,,,,,,,Text,image/tiff,"The Iowa State University Library believes that this item is in the public domain under the laws of the United States, but a determination was not made as to its copyright status under the copyright laws of other countries. The item may not be in the public domain under the laws of other countries.",http://rightsstatements.org/vocab/NoC-US/1.0/,,,,,,,,,Charles Christopher Parry,https://n2t.net/ark:/87292/w9q52fc51,reformatted digital
ccparry_23,ccparry_74,image,24,0290_parry-notebook_10-020.jpg,/objects/0290_parry-notebook_10-020.jpg,,/objects/0290_parry-notebook_10-020.jpg_small.jpg,/objects//objects/0290_parry-notebook_10-020.jpg_th.jpg,"Journal Continued from Notebook No. 1, March 18th, 1850--page 8",,,,,MS 290,Charles Christopher Parry papers,https://n2t.net/ark:/87292/w9pf5w,,,,,,Iowa State University. Special Collections and University Archives,http://id.loc.gov/authorities/names/no2021021777,,,,,,,,,,,eng,,,,,,,,,,,,,,,,Text,image/tiff,"The Iowa State University Library believes that this item is in the public domain under the laws of the United States, but a determination was not made as to its copyright status under the copyright laws of other countries. The item may not be in the public domain under the laws of other countries.",http://rightsstatements.org/vocab/NoC-US/1.0/,,,,,,,,,Charles Christopher Parry,https://n2t.net/ark:/87292/w9q52fc51,reformatted digital
ccparry_24,ccparry_74,image,25,0290_parry-notebook_10-021.jpg,/objects/0290_parry-notebook_10-021.jpg,,/objects/0290_parry-notebook_10-021.jpg_small.jpg,/objects//objects/0290_parry-notebook_10-021.jpg_th.jpg,"Journal Continued from Notebook No. 1, March 18th, 1850--page 9",,,,,MS 290,Charles Christopher Parry papers,https://n2t.net/ark:/87292/w9pf5w,,,,,,Iowa State University. Special Collections and University Archives,http://id.loc.gov/authorities/names/no2021021777,,,,,,,,,,,eng,,,,,,,,,,,,,,,,Text,image/tiff,"The Iowa State University Library believes that this item is in the public domain under the laws of the United States, but a determination was not made as to its copyright status under the copyright laws of other countries. The item may not be in the public domain under the laws of other countries.",http://rightsstatements.org/vocab/NoC-US/1.0/,,,,,,,,,Charles Christopher Parry,https://n2t.net/ark:/87292/w9q52fc51,reformatted digital
ccparry_25,ccparry_74,image,26,0290_parry-notebook_10-022.jpg,/objects/0290_parry-notebook_10-022.jpg,,/objects/0290_parry-notebook_10-022.jpg_small.jpg,/objects//objects/0290_parry-notebook_10-022.jpg_th.jpg,"March 19th, 1850--page 1",,,,,MS 290,Charles Christopher Parry papers,https://n2t.net/ark:/87292/w9pf5w,,,,,,Iowa State University. Special Collections and University Archives,http://id.loc.gov/authorities/names/no2021021777,,,,,,,,,,,eng,,,,,,,,,,,,,,,,Text,image/tiff,"The Iowa State University Library believes that this item is in the public domain under the laws of the United States, but a determination was not made as to its copyright status under the copyright laws of other countries. The item may not be in the public domain under the laws of other countries.",http://rightsstatements.org/vocab/NoC-US/1.0/,,,,,,,,,Charles Christopher Parry,https://n2t.net/ark:/87292/w9q52fc51,reformatted digital
ccparry_26,ccparry_74,image,27,0290_parry-notebook_10-023.jpg,/objects/0290_parry-notebook_10-023.jpg,,/objects/0290_parry-notebook_10-023.jpg_small.jpg,/objects//objects/0290_parry-notebook_10-023.jpg_th.jpg,"March 19th, 1850--page 2",,,,,MS 290,Charles Christopher Parry papers,https://n2t.net/ark:/87292/w9pf5w,,,,,,Iowa State University. Special Collections and University Archives,http://id.loc.gov/authorities/names/no2021021777,,,,,,,,,,,eng,,,,,,,,,,,,,,,,Text,image/tiff,"The Iowa State University Library believes that this item is in the public domain under the laws of the United States, but a determination was not made as to its copyright status under the copyright laws of other countries. The item may not be in the public domain under the laws of other countries.",http://rightsstatements.org/vocab/NoC-US/1.0/,,,,,,,,,Charles Christopher Parry,https://n2t.net/ark:/87292/w9q52fc51,reformatted digital
ccparry_27,ccparry_74,image,28,0290_parry-notebook_10-024.jpg,/objects/0290_parry-notebook_10-024.jpg,,/objects/0290_parry-notebook_10-024.jpg_small.jpg,/objects//objects/0290_parry-notebook_10-024.jpg_th.jpg,"March 19th, 1850--page 3",,,,,MS 290,Charles Christopher Parry papers,https://n2t.net/ark:/87292/w9pf5w,,,,,,Iowa State University. Special Collections and University Archives,http://id.loc.gov/authorities/names/no2021021777,,,,,,,,,,,eng,,,,,,,,,,,,,,,,Text,image/tiff,"The Iowa State University Library believes that this item is in the public domain under the laws of the United States, but a determination was not made as to its copyright status under the copyright laws of other countries. The item may not be in the public domain under the laws of other countries.",http://rightsstatements.org/vocab/NoC-US/1.0/,,,,,,,,,Charles Christopher Parry,https://n2t.net/ark:/87292/w9q52fc51,reformatted digital
ccparry_28,ccparry_74,image,29,0290_parry-notebook_10-025.jpg,/objects/0290_parry-notebook_10-025.jpg,,/objects/0290_parry-notebook_10-025.jpg_small.jpg,/objects//objects/0290_parry-notebook_10-025.jpg_th.jpg,"March 20th, 1850--page 1",,,,,MS 290,Charles Christopher Parry papers,https://n2t.net/ark:/87292/w9pf5w,,,,,,Iowa State University. Special Collections and University Archives,http://id.loc.gov/authorities/names/no2021021777,,,,,,,,,,,eng,,,,,,,,,,,,,,,,Text,image/tiff,"The Iowa State University Library believes that this item is in the public domain under the laws of the United States, but a determination was not made as to its copyright status under the copyright laws of other countries. The item may not be in the public domain under the laws of other countries.",http://rightsstatements.org/vocab/NoC-US/1.0/,,,,,,,,,Charles Christopher Parry,https://n2t.net/ark:/87292/w9q52fc51,reformatted digital
ccparry_29,ccparry_74,image,30,0290_parry-notebook_10-026.jpg,/objects/0290_parry-notebook_10-026.jpg,,/objects/0290_parry-notebook_10-026.jpg_small.jpg,/objects//objects/0290_parry-notebook_10-026.jpg_th.jpg,"March 20th, 1850--page 2",,,,,MS 290,Charles Christopher Parry papers,https://n2t.net/ark:/87292/w9pf5w,,,,,,Iowa State University. Special Collections and University Archives,http://id.loc.gov/authorities/names/no2021021777,,,,,,,,,,,eng,,,,,,,,,,,,,,,,Text,image/tiff,"The Iowa State University Library believes that this item is in the public domain under the laws of the United States, but a determination was not made as to its copyright status under the copyright laws of other countries. The item may not be in the public domain under the laws of other countries.",http://rightsstatements.org/vocab/NoC-US/1.0/,,,,,,,,,Charles Christopher Parry,https://n2t.net/ark:/87292/w9q52fc51,reformatted digital
ccparry_30,ccparry_74,image,31,0290_parry-notebook_10-027.jpg,/objects/0290_parry-notebook_10-027.jpg,,/objects/0290_parry-notebook_10-027.jpg_small.jpg,/objects//objects/0290_parry-notebook_10-027.jpg_th.jpg,"March 21st, 1850",,,,,MS 290,Charles Christopher Parry papers,https://n2t.net/ark:/87292/w9pf5w,,,,,,Iowa State University. Special Collections and University Archives,http://id.loc.gov/authorities/names/no2021021777,,,,,,,,,,,eng,,,,,,,,,,,,,,,,Text,image/tiff,"The Iowa State University Library believes that this item is in the public domain under the laws of the United States, but a determination was not made as to its copyright status under the copyright laws of other countries. The item may not be in the public domain under the laws of other countries.",http://rightsstatements.org/vocab/NoC-US/1.0/,,,,,,,,,Charles Christopher Parry,https://n2t.net/ark:/87292/w9q52fc51,reformatted digital
ccparry_31,ccparry_74,image,32,0290_parry-notebook_10-028.jpg,/objects/0290_parry-notebook_10-028.jpg,,/objects/0290_parry-notebook_10-028.jpg_small.jpg,/objects//objects/0290_parry-notebook_10-028.jpg_th.jpg,"March 22nd, 1850--page 1",,,,,MS 290,Charles Christopher Parry papers,https://n2t.net/ark:/87292/w9pf5w,,,,,,Iowa State University. Special Collections and University Archives,http://id.loc.gov/authorities/names/no2021021777,,,,,,,,,,,eng,,,,,,,,,,,,,,,,Text,image/tiff,"The Iowa State University Library believes that this item is in the public domain under the laws of the United States, but a determination was not made as to its copyright status under the copyright laws of other countries. The item may not be in the public domain under the laws of other countries.",http://rightsstatements.org/vocab/NoC-US/1.0/,,,,,,,,,Charles Christopher Parry,https://n2t.net/ark:/87292/w9q52fc51,reformatted digital
ccparry_32,ccparry_74,image,33,0290_parry-notebook_10-029.jpg,/objects/0290_parry-notebook_10-029.jpg,,/objects/0290_parry-notebook_10-029.jpg_small.jpg,/objects//objects/0290_parry-notebook_10-029.jpg_th.jpg,"March 22nd, 1850--page 2",,,,,MS 290,Charles Christopher Parry papers,https://n2t.net/ark:/87292/w9pf5w,,,,,,Iowa State University. Special Collections and University Archives,http://id.loc.gov/authorities/names/no2021021777,,,,,,,,,,,eng,,,,,,,,,,,,,,,,Text,image/tiff,"The Iowa State University Library believes that this item is in the public domain under the laws of the United States, but a determination was not made as to its copyright status under the copyright laws of other countries. The item may not be in the public domain under the laws of other countries.",http://rightsstatements.org/vocab/NoC-US/1.0/,,,,,,,,,Charles Christopher Parry,https://n2t.net/ark:/87292/w9q52fc51,reformatted digital
ccparry_33,ccparry_74,image,34,0290_parry-notebook_10-030.jpg,/objects/0290_parry-notebook_10-030.jpg,,/objects/0290_parry-notebook_10-030.jpg_small.jpg,/objects//objects/0290_parry-notebook_10-030.jpg_th.jpg,"March 22nd, 1850--page 3",,,,,MS 290,Charles Christopher Parry papers,https://n2t.net/ark:/87292/w9pf5w,,,,,,Iowa State University. Special Collections and University Archives,http://id.loc.gov/authorities/names/no2021021777,,,,,,,,,,,eng,,,,,,,,,,,,,,,,Text,image/tiff,"The Iowa State University Library believes that this item is in the public domain under the laws of the United States, but a determination was not made as to its copyright status under the copyright laws of other countries. The item may not be in the public domain under the laws of other countries.",http://rightsstatements.org/vocab/NoC-US/1.0/,,,,,,,,,Charles Christopher Parry,https://n2t.net/ark:/87292/w9q52fc51,reformatted digital
ccparry_34,ccparry_74,image,35,0290_parry-notebook_10-031.jpg,/objects/0290_parry-notebook_10-031.jpg,,/objects/0290_parry-notebook_10-031.jpg_small.jpg,/objects//objects/0290_parry-notebook_10-031.jpg_th.jpg,"March 23rd, 1850--page 1",,,,,MS 290,Charles Christopher Parry papers,https://n2t.net/ark:/87292/w9pf5w,,,,,,Iowa State University. Special Collections and University Archives,http://id.loc.gov/authorities/names/no2021021777,,,,,,,,,,,eng,,,,,,,,,,,,,,,,Text,image/tiff,"The Iowa State University Library believes that this item is in the public domain under the laws of the United States, but a determination was not made as to its copyright status under the copyright laws of other countries. The item may not be in the public domain under the laws of other countries.",http://rightsstatements.org/vocab/NoC-US/1.0/,,,,,,,,,Charles Christopher Parry,https://n2t.net/ark:/87292/w9q52fc51,reformatted digital
ccparry_35,ccparry_74,image,36,0290_parry-notebook_10-032.jpg,/objects/0290_parry-notebook_10-032.jpg,,/objects/0290_parry-notebook_10-032.jpg_small.jpg,/objects//objects/0290_parry-notebook_10-032.jpg_th.jpg,"March 23rd, 1850--page 2",,,,,MS 290,Charles Christopher Parry papers,https://n2t.net/ark:/87292/w9pf5w,,,,,,Iowa State University. Special Collections and University Archives,http://id.loc.gov/authorities/names/no2021021777,,,,,,,,,,,eng,,,,,,,,,,,,,,,,Text,image/tiff,"The Iowa State University Library believes that this item is in the public domain under the laws of the United States, but a determination was not made as to its copyright status under the copyright laws of other countries. The item may not be in the public domain under the laws of other countries.",http://rightsstatements.org/vocab/NoC-US/1.0/,,,,,,,,,Charles Christopher Parry,https://n2t.net/ark:/87292/w9q52fc51,reformatted digital
ccparry_36,ccparry_74,image,37,0290_parry-notebook_10-033.jpg,/objects/0290_parry-notebook_10-033.jpg,,/objects/0290_parry-notebook_10-033.jpg_small.jpg,/objects//objects/0290_parry-notebook_10-033.jpg_th.jpg,"March 24th, 1850--page 1",,,,,MS 290,Charles Christopher Parry papers,https://n2t.net/ark:/87292/w9pf5w,,,,,,Iowa State University. Special Collections and University Archives,http://id.loc.gov/authorities/names/no2021021777,,,,,,,,,,,eng,,,,,,,,,,,,,,,,Text,image/tiff,"The Iowa State University Library believes that this item is in the public domain under the laws of the United States, but a determination was not made as to its copyright status under the copyright laws of other countries. The item may not be in the public domain under the laws of other countries.",http://rightsstatements.org/vocab/NoC-US/1.0/,,,,,,,,,Charles Christopher Parry,https://n2t.net/ark:/87292/w9q52fc51,reformatted digital
ccparry_37,ccparry_74,image,38,0290_parry-notebook_10-034.jpg,/objects/0290_parry-notebook_10-034.jpg,,/objects/0290_parry-notebook_10-034.jpg_small.jpg,/objects//objects/0290_parry-notebook_10-034.jpg_th.jpg,"March 24th, 1850--page 2",,,,,MS 290,Charles Christopher Parry papers,https://n2t.net/ark:/87292/w9pf5w,,,,,,Iowa State University. Special Collections and University Archives,http://id.loc.gov/authorities/names/no2021021777,,,,,,,,,,,eng,,,,,,,,,,,,,,,,Text,image/tiff,"The Iowa State University Library believes that this item is in the public domain under the laws of the United States, but a determination was not made as to its copyright status under the copyright laws of other countries. The item may not be in the public domain under the laws of other countries.",http://rightsstatements.org/vocab/NoC-US/1.0/,,,,,,,,,Charles Christopher Parry,https://n2t.net/ark:/87292/w9q52fc51,reformatted digital
ccparry_38,ccparry_74,image,39,0290_parry-notebook_10-035.jpg,/objects/0290_parry-notebook_10-035.jpg,,/objects/0290_parry-notebook_10-035.jpg_small.jpg,/objects//objects/0290_parry-notebook_10-035.jpg_th.jpg,"March 25th, 1850--page 1",,,,,MS 290,Charles Christopher Parry papers,https://n2t.net/ark:/87292/w9pf5w,,,,,,Iowa State University. Special Collections and University Archives,http://id.loc.gov/authorities/names/no2021021777,,,,,,,,,,,eng,,,,,,,,,,,,,,,,Text,image/tiff,"The Iowa State University Library believes that this item is in the public domain under the laws of the United States, but a determination was not made as to its copyright status under the copyright laws of other countries. The item may not be in the public domain under the laws of other countries.",http://rightsstatements.org/vocab/NoC-US/1.0/,,,,,,,,,Charles Christopher Parry,https://n2t.net/ark:/87292/w9q52fc51,reformatted digital
ccparry_39,ccparry_74,image,40,0290_parry-notebook_10-036.jpg,/objects/0290_parry-notebook_10-036.jpg,,/objects/0290_parry-notebook_10-036.jpg_small.jpg,/objects//objects/0290_parry-notebook_10-036.jpg_th.jpg,"March 25th, 1850--page 2",,,,,MS 290,Charles Christopher Parry papers,https://n2t.net/ark:/87292/w9pf5w,,,,,,Iowa State University. Special Collections and University Archives,http://id.loc.gov/authorities/names/no2021021777,,,,,,,,,,,eng,,,,,,,,,,,,,,,,Text,image/tiff,"The Iowa State University Library believes that this item is in the public domain under the laws of the United States, but a determination was not made as to its copyright status under the copyright laws of other countries. The item may not be in the public domain under the laws of other countries.",http://rightsstatements.org/vocab/NoC-US/1.0/,,,,,,,,,Charles Christopher Parry,https://n2t.net/ark:/87292/w9q52fc51,reformatted digital
ccparry_40,ccparry_74,image,41,0290_parry-notebook_10-037.jpg,/objects/0290_parry-notebook_10-037.jpg,,/objects/0290_parry-notebook_10-037.jpg_small.jpg,/objects//objects/0290_parry-notebook_10-037.jpg_th.jpg,"March 26th, 1850--page 1",,,,,MS 290,Charles Christopher Parry papers,https://n2t.net/ark:/87292/w9pf5w,,,,,,Iowa State University. Special Collections and University Archives,http://id.loc.gov/authorities/names/no2021021777,,,,,,,,,,,eng,,,,,,,,,,,,,,,,Text,image/tiff,"The Iowa State University Library believes that this item is in the public domain under the laws of the United States, but a determination was not made as to its copyright status under the copyright laws of other countries. The item may not be in the public domain under the laws of other countries.",http://rightsstatements.org/vocab/NoC-US/1.0/,,,,,,,,,Charles Christopher Parry,https://n2t.net/ark:/87292/w9q52fc51,reformatted digital
ccparry_41,ccparry_74,image,42,0290_parry-notebook_10-038.jpg,/objects/0290_parry-notebook_10-038.jpg,,/objects/0290_parry-notebook_10-038.jpg_small.jpg,/objects//objects/0290_parry-notebook_10-038.jpg_th.jpg,"March 26th, 1850--page 2",,,,,MS 290,Charles Christopher Parry papers,https://n2t.net/ark:/87292/w9pf5w,,,,,,Iowa State University. Special Collections and University Archives,http://id.loc.gov/authorities/names/no2021021777,,,,,,,,,,,eng,,,,,,,,,,,,,,,,Text,image/tiff,"The Iowa State University Library believes that this item is in the public domain under the laws of the United States, but a determination was not made as to its copyright status under the copyright laws of other countries. The item may not be in the public domain under the laws of other countries.",http://rightsstatements.org/vocab/NoC-US/1.0/,,,,,,,,,Charles Christopher Parry,https://n2t.net/ark:/87292/w9q52fc51,reformatted digital
ccparry_42,ccparry_74,image,43,0290_parry-notebook_10-039.jpg,/objects/0290_parry-notebook_10-039.jpg,,/objects/0290_parry-notebook_10-039.jpg_small.jpg,/objects//objects/0290_parry-notebook_10-039.jpg_th.jpg,"March 26th, 1850--page 3",,,,,MS 290,Charles Christopher Parry papers,https://n2t.net/ark:/87292/w9pf5w,,,,,,Iowa State University. Special Collections and University Archives,http://id.loc.gov/authorities/names/no2021021777,,,,,,,,,,,eng,,,,,,,,,,,,,,,,Text,image/tiff,"The Iowa State University Library believes that this item is in the public domain under the laws of the United States, but a determination was not made as to its copyright status under the copyright laws of other countries. The item may not be in the public domain under the laws of other countries.",http://rightsstatements.org/vocab/NoC-US/1.0/,,,,,,,,,Charles Christopher Parry,https://n2t.net/ark:/87292/w9q52fc51,reformatted digital
ccparry_43,ccparry_74,image,44,0290_parry-notebook_10-040.jpg,/objects/0290_parry-notebook_10-040.jpg,,/objects/0290_parry-notebook_10-040.jpg_small.jpg,/objects//objects/0290_parry-notebook_10-040.jpg_th.jpg,"March 27th-28th, 1850--page 1",,,,,MS 290,Charles Christopher Parry papers,https://n2t.net/ark:/87292/w9pf5w,,,,,,Iowa State University. Special Collections and University Archives,http://id.loc.gov/authorities/names/no2021021777,,,,,,,,,,,eng,,,,,,,,,,,,,,,,Text,image/tiff,"The Iowa State University Library believes that this item is in the public domain under the laws of the United States, but a determination was not made as to its copyright status under the copyright laws of other countries. The item may not be in the public domain under the laws of other countries.",http://rightsstatements.org/vocab/NoC-US/1.0/,,,,,,,,,Charles Christopher Parry,https://n2t.net/ark:/87292/w9q52fc51,reformatted digital
ccparry_44,ccparry_74,image,45,0290_parry-notebook_10-041.jpg,/objects/0290_parry-notebook_10-041.jpg,,/objects/0290_parry-notebook_10-041.jpg_small.jpg,/objects//objects/0290_parry-notebook_10-041.jpg_th.jpg,"March 27th-28th, 1850--page 2",,,,,MS 290,Charles Christopher Parry papers,https://n2t.net/ark:/87292/w9pf5w,,,,,,Iowa State University. Special Collections and University Archives,http://id.loc.gov/authorities/names/no2021021777,,,,,,,,,,,eng,,,,,,,,,,,,,,,,Text,image/tiff,"The Iowa State University Library believes that this item is in the public domain under the laws of the United States, but a determination was not made as to its copyright status under the copyright laws of other countries. The item may not be in the public domain under the laws of other countries.",http://rightsstatements.org/vocab/NoC-US/1.0/,,,,,,,,,Charles Christopher Parry,https://n2t.net/ark:/87292/w9q52fc51,reformatted digital
ccparry_45,ccparry_74,image,46,0290_parry-notebook_10-042.jpg,/objects/0290_parry-notebook_10-042.jpg,,/objects/0290_parry-notebook_10-042.jpg_small.jpg,/objects//objects/0290_parry-notebook_10-042.jpg_th.jpg,"March 27th-28th, 1850--page 3",,,,,MS 290,Charles Christopher Parry papers,https://n2t.net/ark:/87292/w9pf5w,,,,,,Iowa State University. Special Collections and University Archives,http://id.loc.gov/authorities/names/no2021021777,,,,,,,,,,,eng,,,,,,,,,,,,,,,,Text,image/tiff,"The Iowa State University Library believes that this item is in the public domain under the laws of the United States, but a determination was not made as to its copyright status under the copyright laws of other countries. The item may not be in the public domain under the laws of other countries.",http://rightsstatements.org/vocab/NoC-US/1.0/,,,,,,,,,Charles Christopher Parry,https://n2t.net/ark:/87292/w9q52fc51,reformatted digital
ccparry_46,ccparry_74,image,47,0290_parry-notebook_10-043.jpg,/objects/0290_parry-notebook_10-043.jpg,,/objects/0290_parry-notebook_10-043.jpg_small.jpg,/objects//objects/0290_parry-notebook_10-043.jpg_th.jpg,"March 29th, 1850--page 1",,,,,MS 290,Charles Christopher Parry papers,https://n2t.net/ark:/87292/w9pf5w,,,,,,Iowa State University. Special Collections and University Archives,http://id.loc.gov/authorities/names/no2021021777,,,,,,,,,,,eng,,,,,,,,,,,,,,,,Text,image/tiff,"The Iowa State University Library believes that this item is in the public domain under the laws of the United States, but a determination was not made as to its copyright status under the copyright laws of other countries. The item may not be in the public domain under the laws of other countries.",http://rightsstatements.org/vocab/NoC-US/1.0/,,,,,,,,,Charles Christopher Parry,https://n2t.net/ark:/87292/w9q52fc51,reformatted digital
ccparry_47,ccparry_74,image,48,0290_parry-notebook_10-044.jpg,/objects/0290_parry-notebook_10-044.jpg,,/objects/0290_parry-notebook_10-044.jpg_small.jpg,/objects//objects/0290_parry-notebook_10-044.jpg_th.jpg,"March 29th, 1850--page 2",,,,,MS 290,Charles Christopher Parry papers,https://n2t.net/ark:/87292/w9pf5w,,,,,,Iowa State University. Special Collections and University Archives,http://id.loc.gov/authorities/names/no2021021777,,,,,,,,,,,eng,,,,,,,,,,,,,,,,Text,image/tiff,"The Iowa State University Library believes that this item is in the public domain under the laws of the United States, but a determination was not made as to its copyright status under the copyright laws of other countries. The item may not be in the public domain under the laws of other countries.",http://rightsstatements.org/vocab/NoC-US/1.0/,,,,,,,,,Charles Christopher Parry,https://n2t.net/ark:/87292/w9q52fc51,reformatted digital
ccparry_48,ccparry_74,image,49,0290_parry-notebook_10-045.jpg,/objects/0290_parry-notebook_10-045.jpg,,/objects/0290_parry-notebook_10-045.jpg_small.jpg,/objects//objects/0290_parry-notebook_10-045.jpg_th.jpg,"March 29th, 1850--page 3",,,,,MS 290,Charles Christopher Parry papers,https://n2t.net/ark:/87292/w9pf5w,,,,,,Iowa State University. Special Collections and University Archives,http://id.loc.gov/authorities/names/no2021021777,,,,,,,,,,,eng,,,,,,,,,,,,,,,,Text,image/tiff,"The Iowa State University Library believes that this item is in the public domain under the laws of the United States, but a determination was not made as to its copyright status under the copyright laws of other countries. The item may not be in the public domain under the laws of other countries.",http://rightsstatements.org/vocab/NoC-US/1.0/,,,,,,,,,Charles Christopher Parry,https://n2t.net/ark:/87292/w9q52fc51,reformatted digital
ccparry_49,ccparry_74,image,50,0290_parry-notebook_10-046.jpg,/objects/0290_parry-notebook_10-046.jpg,,/objects/0290_parry-notebook_10-046.jpg_small.jpg,/objects//objects/0290_parry-notebook_10-046.jpg_th.jpg,"March 31st, 1850",,,,,MS 290,Charles Christopher Parry papers,https://n2t.net/ark:/87292/w9pf5w,,,,,,Iowa State University. Special Collections and University Archives,http://id.loc.gov/authorities/names/no2021021777,,,,,,,,,,,eng,,,,,,,,,,,,,,,,Text,image/tiff,"The Iowa State University Library believes that this item is in the public domain under the laws of the United States, but a determination was not made as to its copyright status under the copyright laws of other countries. The item may not be in the public domain under the laws of other countries.",http://rightsstatements.org/vocab/NoC-US/1.0/,,,,,,,,,Charles Christopher Parry,https://n2t.net/ark:/87292/w9q52fc51,reformatted digital
ccparry_50,ccparry_74,image,51,0290_parry-notebook_10-047.jpg,/objects/0290_parry-notebook_10-047.jpg,,/objects/0290_parry-notebook_10-047.jpg_small.jpg,/objects//objects/0290_parry-notebook_10-047.jpg_th.jpg,"April 1st, 1850",,,,,MS 290,Charles Christopher Parry papers,https://n2t.net/ark:/87292/w9pf5w,,,,,,Iowa State University. Special Collections and University Archives,http://id.loc.gov/authorities/names/no2021021777,,,,,,,,,,,eng,,,,,,,,,,,,,,,,Text,image/tiff,"The Iowa State University Library believes that this item is in the public domain under the laws of the United States, but a determination was not made as to its copyright status under the copyright laws of other countries. The item may not be in the public domain under the laws of other countries.",http://rightsstatements.org/vocab/NoC-US/1.0/,,,,,,,,,Charles Christopher Parry,https://n2t.net/ark:/87292/w9q52fc51,reformatted digital
ccparry_51,ccparry_74,image,52,0290_parry-notebook_10-048.jpg,/objects/0290_parry-notebook_10-048.jpg,,/objects/0290_parry-notebook_10-048.jpg_small.jpg,/objects//objects/0290_parry-notebook_10-048.jpg_th.jpg,"April 2nd, 1850--page 1",,,,,MS 290,Charles Christopher Parry papers,https://n2t.net/ark:/87292/w9pf5w,,,,,,Iowa State University. Special Collections and University Archives,http://id.loc.gov/authorities/names/no2021021777,,,,,,,,,,,eng,,,,,,,,,,,,,,,,Text,image/tiff,"The Iowa State University Library believes that this item is in the public domain under the laws of the United States, but a determination was not made as to its copyright status under the copyright laws of other countries. The item may not be in the public domain under the laws of other countries.",http://rightsstatements.org/vocab/NoC-US/1.0/,,,,,,,,,Charles Christopher Parry,https://n2t.net/ark:/87292/w9q52fc51,reformatted digital
ccparry_52,ccparry_74,image,53,0290_parry-notebook_10-049.jpg,/objects/0290_parry-notebook_10-049.jpg,,/objects/0290_parry-notebook_10-049.jpg_small.jpg,/objects//objects/0290_parry-notebook_10-049.jpg_th.jpg,"April 2nd, 1850--page 2",,,,,MS 290,Charles Christopher Parry papers,https://n2t.net/ark:/87292/w9pf5w,,,,,,Iowa State University. Special Collections and University Archives,http://id.loc.gov/authorities/names/no2021021777,,,,,,,,,,,eng,,,,,,,,,,,,,,,,Text,image/tiff,"The Iowa State University Library believes that this item is in the public domain under the laws of the United States, but a determination was not made as to its copyright status under the copyright laws of other countries. The item may not be in the public domain under the laws of other countries.",http://rightsstatements.org/vocab/NoC-US/1.0/,,,,,,,,,Charles Christopher Parry,https://n2t.net/ark:/87292/w9q52fc51,reformatted digital
ccparry_53,ccparry_74,image,54,0290_parry-notebook_10-050.jpg,/objects/0290_parry-notebook_10-050.jpg,,/objects/0290_parry-notebook_10-050.jpg_small.jpg,/objects//objects/0290_parry-notebook_10-050.jpg_th.jpg,"April 2nd, 1850--page 3",,,,,MS 290,Charles Christopher Parry papers,https://n2t.net/ark:/87292/w9pf5w,,,,,,Iowa State University. Special Collections and University Archives,http://id.loc.gov/authorities/names/no2021021777,,,,,,,,,,,eng,,,,,,,,,,,,,,,,Text,image/tiff,"The Iowa State University Library believes that this item is in the public domain under the laws of the United States, but a determination was not made as to its copyright status under the copyright laws of other countries. The item may not be in the public domain under the laws of other countries.",http://rightsstatements.org/vocab/NoC-US/1.0/,,,,,,,,,Charles Christopher Parry,https://n2t.net/ark:/87292/w9q52fc51,reformatted digital
ccparry_54,ccparry_74,image,55,0290_parry-notebook_10-051.jpg,/objects/0290_parry-notebook_10-051.jpg,,/objects/0290_parry-notebook_10-051.jpg_small.jpg,/objects//objects/0290_parry-notebook_10-051.jpg_th.jpg,"April 2nd, 1850--page 4",,,,,MS 290,Charles Christopher Parry papers,https://n2t.net/ark:/87292/w9pf5w,,,,,,Iowa State University. Special Collections and University Archives,http://id.loc.gov/authorities/names/no2021021777,,,,,,,,,,,eng,,,,,,,,,,,,,,,,Text,image/tiff,"The Iowa State University Library believes that this item is in the public domain under the laws of the United States, but a determination was not made as to its copyright status under the copyright laws of other countries. The item may not be in the public domain under the laws of other countries.",http://rightsstatements.org/vocab/NoC-US/1.0/,,,,,,,,,Charles Christopher Parry,https://n2t.net/ark:/87292/w9q52fc51,reformatted digital
ccparry_55,ccparry_74,image,56,0290_parry-notebook_10-052.jpg,/objects/0290_parry-notebook_10-052.jpg,,/objects/0290_parry-notebook_10-052.jpg_small.jpg,/objects//objects/0290_parry-notebook_10-052.jpg_th.jpg,"April 2nd, 1850--page 5",,,,,MS 290,Charles Christopher Parry papers,https://n2t.net/ark:/87292/w9pf5w,,,,,,Iowa State University. Special Collections and University Archives,http://id.loc.gov/authorities/names/no2021021777,,,,,,,,,,,eng,,,,,,,,,,,,,,,,Text,image/tiff,"The Iowa State University Library believes that this item is in the public domain under the laws of the United States, but a determination was not made as to its copyright status under the copyright laws of other countries. The item may not be in the public domain under the laws of other countries.",http://rightsstatements.org/vocab/NoC-US/1.0/,,,,,,,,,Charles Christopher Parry,https://n2t.net/ark:/87292/w9q52fc51,reformatted digital
ccparry_56,ccparry_74,image,57,0290_parry-notebook_10-053.jpg,/objects/0290_parry-notebook_10-053.jpg,,/objects/0290_parry-notebook_10-053.jpg_small.jpg,/objects//objects/0290_parry-notebook_10-053.jpg_th.jpg,"April 3rd, 1850--page 1",,,,,MS 290,Charles Christopher Parry papers,https://n2t.net/ark:/87292/w9pf5w,,,,,,Iowa State University. Special Collections and University Archives,http://id.loc.gov/authorities/names/no2021021777,,,,,,,,,,,eng,,,,,,,,,,,,,,,,Text,image/tiff,"The Iowa State University Library believes that this item is in the public domain under the laws of the United States, but a determination was not made as to its copyright status under the copyright laws of other countries. The item may not be in the public domain under the laws of other countries.",http://rightsstatements.org/vocab/NoC-US/1.0/,,,,,,,,,Charles Christopher Parry,https://n2t.net/ark:/87292/w9q52fc51,reformatted digital
ccparry_57,ccparry_74,image,58,0290_parry-notebook_10-054.jpg,/objects/0290_parry-notebook_10-054.jpg,,/objects/0290_parry-notebook_10-054.jpg_small.jpg,/objects//objects/0290_parry-notebook_10-054.jpg_th.jpg,"April 3rd, 1850--page 2",,,,,MS 290,Charles Christopher Parry papers,https://n2t.net/ark:/87292/w9pf5w,,,,,,Iowa State University. Special Collections and University Archives,http://id.loc.gov/authorities/names/no2021021777,,,,,,,,,,,eng,,,,,,,,,,,,,,,,Text,image/tiff,"The Iowa State University Library believes that this item is in the public domain under the laws of the United States, but a determination was not made as to its copyright status under the copyright laws of other countries. The item may not be in the public domain under the laws of other countries.",http://rightsstatements.org/vocab/NoC-US/1.0/,,,,,,,,,Charles Christopher Parry,https://n2t.net/ark:/87292/w9q52fc51,reformatted digital
ccparry_58,ccparry_74,image,59,0290_parry-notebook_10-055.jpg,/objects/0290_parry-notebook_10-055.jpg,,/objects/0290_parry-notebook_10-055.jpg_small.jpg,/objects//objects/0290_parry-notebook_10-055.jpg_th.jpg,"April 3rd, 1850--page 3",,,,,MS 290,Charles Christopher Parry papers,https://n2t.net/ark:/87292/w9pf5w,,,,,,Iowa State University. Special Collections and University Archives,http://id.loc.gov/authorities/names/no2021021777,,,,,,,,,,,eng,,,,,,,,,,,,,,,,Text,image/tiff,"The Iowa State University Library believes that this item is in the public domain under the laws of the United States, but a determination was not made as to its copyright status under the copyright laws of other countries. The item may not be in the public domain under the laws of other countries.",http://rightsstatements.org/vocab/NoC-US/1.0/,,,,,,,,,Charles Christopher Parry,https://n2t.net/ark:/87292/w9q52fc51,reformatted digital
ccparry_59,ccparry_74,image,60,0290_parry-notebook_10-056.jpg,/objects/0290_parry-notebook_10-056.jpg,,/objects/0290_parry-notebook_10-056.jpg_small.jpg,/objects//objects/0290_parry-notebook_10-056.jpg_th.jpg,"April 3rd, 1850--page 4",,,,,MS 290,Charles Christopher Parry papers,https://n2t.net/ark:/87292/w9pf5w,,,,,,Iowa State University. Special Collections and University Archives,http://id.loc.gov/authorities/names/no2021021777,,,,,,,,,,,eng,,,,,,,,,,,,,,,,Text,image/tiff,"The Iowa State University Library believes that this item is in the public domain under the laws of the United States, but a determination was not made as to its copyright status under the copyright laws of other countries. The item may not be in the public domain under the laws of other countries.",http://rightsstatements.org/vocab/NoC-US/1.0/,,,,,,,,,Charles Christopher Parry,https://n2t.net/ark:/87292/w9q52fc51,reformatted digital
ccparry_60,ccparry_74,image,61,0290_parry-notebook_10-057.jpg,/objects/0290_parry-notebook_10-057.jpg,,/objects/0290_parry-notebook_10-057.jpg_small.jpg,/objects//objects/0290_parry-notebook_10-057.jpg_th.jpg,"April 4th, 1850--page 1",,,,,MS 290,Charles Christopher Parry papers,https://n2t.net/ark:/87292/w9pf5w,,,,,,Iowa State University. Special Collections and University Archives,http://id.loc.gov/authorities/names/no2021021777,,,,,,,,,,,eng,,,,,,,,,,,,,,,,Text,image/tiff,"The Iowa State University Library believes that this item is in the public domain under the laws of the United States, but a determination was not made as to its copyright status under the copyright laws of other countries. The item may not be in the public domain under the laws of other countries.",http://rightsstatements.org/vocab/NoC-US/1.0/,,,,,,,,,Charles Christopher Parry,https://n2t.net/ark:/87292/w9q52fc51,reformatted digital
ccparry_61,ccparry_74,image,62,0290_parry-notebook_10-058.jpg,/objects/0290_parry-notebook_10-058.jpg,,/objects/0290_parry-notebook_10-058.jpg_small.jpg,/objects//objects/0290_parry-notebook_10-058.jpg_th.jpg,"April 4th, 1850--page 2",,,,,MS 290,Charles Christopher Parry papers,https://n2t.net/ark:/87292/w9pf5w,,,,,,Iowa State University. Special Collections and University Archives,http://id.loc.gov/authorities/names/no2021021777,,,,,,,,,,,eng,,,,,,,,,,,,,,,,Text,image/tiff,"The Iowa State University Library believes that this item is in the public domain under the laws of the United States, but a determination was not made as to its copyright status under the copyright laws of other countries. The item may not be in the public domain under the laws of other countries.",http://rightsstatements.org/vocab/NoC-US/1.0/,,,,,,,,,Charles Christopher Parry,https://n2t.net/ark:/87292/w9q52fc51,reformatted digital
ccparry_62,ccparry_74,image,63,0290_parry-notebook_10-059.jpg,/objects/0290_parry-notebook_10-059.jpg,,/objects/0290_parry-notebook_10-059.jpg_small.jpg,/objects//objects/0290_parry-notebook_10-059.jpg_th.jpg,"April 5th, 1850",,,,,MS 290,Charles Christopher Parry papers,https://n2t.net/ark:/87292/w9pf5w,,,,,,Iowa State University. Special Collections and University Archives,http://id.loc.gov/authorities/names/no2021021777,,,,,,,,,,,eng,,,,,,,,,,,,,,,,Text,image/tiff,"The Iowa State University Library believes that this item is in the public domain under the laws of the United States, but a determination was not made as to its copyright status under the copyright laws of other countries. The item may not be in the public domain under the laws of other countries.",http://rightsstatements.org/vocab/NoC-US/1.0/,,,,,,,,,Charles Christopher Parry,https://n2t.net/ark:/87292/w9q52fc51,reformatted digital
ccparry_63,ccparry_74,image,64,0290_parry-notebook_10-060.jpg,/objects/0290_parry-notebook_10-060.jpg,,/objects/0290_parry-notebook_10-060.jpg_small.jpg,/objects//objects/0290_parry-notebook_10-060.jpg_th.jpg,"April 6th, 1850",,,,,MS 290,Charles Christopher Parry papers,https://n2t.net/ark:/87292/w9pf5w,,,,,,Iowa State University. Special Collections and University Archives,http://id.loc.gov/authorities/names/no2021021777,,,,,,,,,,,eng,,,,,,,,,,,,,,,,Text,image/tiff,"The Iowa State University Library believes that this item is in the public domain under the laws of the United States, but a determination was not made as to its copyright status under the copyright laws of other countries. The item may not be in the public domain under the laws of other countries.",http://rightsstatements.org/vocab/NoC-US/1.0/,,,,,,,,,Charles Christopher Parry,https://n2t.net/ark:/87292/w9q52fc51,reformatted digital
ccparry_64,ccparry_74,image,65,0290_parry-notebook_10-061.jpg,/objects/0290_parry-notebook_10-061.jpg,,/objects/0290_parry-notebook_10-061.jpg_small.jpg,/objects//objects/0290_parry-notebook_10-061.jpg_th.jpg,"April 7th, 1850--page 1",,,,,MS 290,Charles Christopher Parry papers,https://n2t.net/ark:/87292/w9pf5w,,,,,,Iowa State University. Special Collections and University Archives,http://id.loc.gov/authorities/names/no2021021777,,,,,,,,,,,eng,,,,,,,,,,,,,,,,Text,image/tiff,"The Iowa State University Library believes that this item is in the public domain under the laws of the United States, but a determination was not made as to its copyright status under the copyright laws of other countries. The item may not be in the public domain under the laws of other countries.",http://rightsstatements.org/vocab/NoC-US/1.0/,,,,,,,,,Charles Christopher Parry,https://n2t.net/ark:/87292/w9q52fc51,reformatted digital
ccparry_65,ccparry_74,image,66,0290_parry-notebook_10-062.jpg,/objects/0290_parry-notebook_10-062.jpg,,/objects/0290_parry-notebook_10-062.jpg_small.jpg,/objects//objects/0290_parry-notebook_10-062.jpg_th.jpg,"April 7th, 1850--page 2",,,,,MS 290,Charles Christopher Parry papers,https://n2t.net/ark:/87292/w9pf5w,,,,,,Iowa State University. Special Collections and University Archives,http://id.loc.gov/authorities/names/no2021021777,,,,,,,,,,,eng,,,,,,,,,,,,,,,,Text,image/tiff,"The Iowa State University Library believes that this item is in the public domain under the laws of the United States, but a determination was not made as to its copyright status under the copyright laws of other countries. The item may not be in the public domain under the laws of other countries.",http://rightsstatements.org/vocab/NoC-US/1.0/,,,,,,,,,Charles Christopher Parry,https://n2t.net/ark:/87292/w9q52fc51,reformatted digital
ccparry_66,ccparry_74,image,67,0290_parry-notebook_10-063.jpg,/objects/0290_parry-notebook_10-063.jpg,,/objects/0290_parry-notebook_10-063.jpg_small.jpg,/objects//objects/0290_parry-notebook_10-063.jpg_th.jpg,"April 8th, 1850",,,,,MS 290,Charles Christopher Parry papers,https://n2t.net/ark:/87292/w9pf5w,,,,,,Iowa State University. Special Collections and University Archives,http://id.loc.gov/authorities/names/no2021021777,,,,,,,,,,,eng,,,,,,,,,,,,,,,,Text,image/tiff,"The Iowa State University Library believes that this item is in the public domain under the laws of the United States, but a determination was not made as to its copyright status under the copyright laws of other countries. The item may not be in the public domain under the laws of other countries.",http://rightsstatements.org/vocab/NoC-US/1.0/,,,,,,,,,Charles Christopher Parry,https://n2t.net/ark:/87292/w9q52fc51,reformatted digital
ccparry_67,ccparry_74,image,68,0290_parry-notebook_10-064.jpg,/objects/0290_parry-notebook_10-064.jpg,,/objects/0290_parry-notebook_10-064.jpg_small.jpg,/objects//objects/0290_parry-notebook_10-064.jpg_th.jpg,"April 9th-12th, 1850",,,,,MS 290,Charles Christopher Parry papers,https://n2t.net/ark:/87292/w9pf5w,,,,,,Iowa State University. Special Collections and University Archives,http://id.loc.gov/authorities/names/no2021021777,,,,,,,,,,,eng,,,,,,,,,,,,,,,,Text,image/tiff,"The Iowa State University Library believes that this item is in the public domain under the laws of the United States, but a determination was not made as to its copyright status under the copyright laws of other countries. The item may not be in the public domain under the laws of other countries.",http://rightsstatements.org/vocab/NoC-US/1.0/,,,,,,,,,Charles Christopher Parry,https://n2t.net/ark:/87292/w9q52fc51,reformatted digital
ccparry_68,ccparry_74,image,69,0290_parry-notebook_10-065.jpg,/objects/0290_parry-notebook_10-065.jpg,,/objects/0290_parry-notebook_10-065.jpg_small.jpg,/objects//objects/0290_parry-notebook_10-065.jpg_th.jpg,"April 13th-15th, 1850",,,,,MS 290,Charles Christopher Parry papers,https://n2t.net/ark:/87292/w9pf5w,,,,,,Iowa State University. Special Collections and University Archives,http://id.loc.gov/authorities/names/no2021021777,,,,,,,,,,,eng,,,,,,,,,,,,,,,,Text,image/tiff,"The Iowa State University Library believes that this item is in the public domain under the laws of the United States, but a determination was not made as to its copyright status under the copyright laws of other countries. The item may not be in the public domain under the laws of other countries.",http://rightsstatements.org/vocab/NoC-US/1.0/,,,,,,,,,Charles Christopher Parry,https://n2t.net/ark:/87292/w9q52fc51,reformatted digital
ccparry_69,ccparry_74,image,70,0290_parry-notebook_10-066.jpg,/objects/0290_parry-notebook_10-066.jpg,,/objects/0290_parry-notebook_10-066.jpg_small.jpg,/objects//objects/0290_parry-notebook_10-066.jpg_th.jpg,"April 16th-17th, 1850",,,,,MS 290,Charles Christopher Parry papers,https://n2t.net/ark:/87292/w9pf5w,,,,,,Iowa State University. Special Collections and University Archives,http://id.loc.gov/authorities/names/no2021021777,,,,,,,,,,,eng,,,,,,,,,,,,,,,,Text,image/tiff,"The Iowa State University Library believes that this item is in the public domain under the laws of the United States, but a determination was not made as to its copyright status under the copyright laws of other countries. The item may not be in the public domain under the laws of other countries.",http://rightsstatements.org/vocab/NoC-US/1.0/,,,,,,,,,Charles Christopher Parry,https://n2t.net/ark:/87292/w9q52fc51,reformatted digital
ccparry_70,ccparry_74,image,71,0290_parry-notebook_10-067.jpg,/objects/0290_parry-notebook_10-067.jpg,,/objects/0290_parry-notebook_10-067.jpg_small.jpg,/objects//objects/0290_parry-notebook_10-067.jpg_th.jpg,"April 18th-24th, 1850",,,,,MS 290,Charles Christopher Parry papers,https://n2t.net/ark:/87292/w9pf5w,,,,,,Iowa State University. Special Collections and University Archives,http://id.loc.gov/authorities/names/no2021021777,,,,,,,,,,,eng,,,,,,,,,,,,,,,,Text,image/tiff,"The Iowa State University Library believes that this item is in the public domain under the laws of the United States, but a determination was not made as to its copyright status under the copyright laws of other countries. The item may not be in the public domain under the laws of other countries.",http://rightsstatements.org/vocab/NoC-US/1.0/,,,,,,,,,Charles Christopher Parry,https://n2t.net/ark:/87292/w9q52fc51,reformatted digital
ccparry_71,ccparry_74,image,72,0290_parry-notebook_10-068.jpg,/objects/0290_parry-notebook_10-068.jpg,,/objects/0290_parry-notebook_10-068.jpg_small.jpg,/objects//objects/0290_parry-notebook_10-068.jpg_th.jpg,"April 25th-27th, 1850",,,,,MS 290,Charles Christopher Parry papers,https://n2t.net/ark:/87292/w9pf5w,,,,,,Iowa State University. Special Collections and University Archives,http://id.loc.gov/authorities/names/no2021021777,,,,,,,,,,,eng,,,,,,,,,,,,,,,,Text,image/tiff,"The Iowa State University Library believes that this item is in the public domain under the laws of the United States, but a determination was not made as to its copyright status under the copyright laws of other countries. The item may not be in the public domain under the laws of other countries.",http://rightsstatements.org/vocab/NoC-US/1.0/,,,,,,,,,Charles Christopher Parry,https://n2t.net/ark:/87292/w9q52fc51,reformatted digital
ccparry_72,ccparry_74,image,73,0290_parry-notebook_10-069.jpg,/objects/0290_parry-notebook_10-069.jpg,,/objects/0290_parry-notebook_10-069.jpg_small.jpg,/objects//objects/0290_parry-notebook_10-069.jpg_th.jpg,"April 28th-29th, 1850",,,,,MS 290,Charles Christopher Parry papers,https://n2t.net/ark:/87292/w9pf5w,,,,,,Iowa State University. Special Collections and University Archives,http://id.loc.gov/authorities/names/no2021021777,,,,,,,,,,,eng,,,,,,,,,,,,,,,,Text,image/tiff,"The Iowa State University Library believes that this item is in the public domain under the laws of the United States, but a determination was not made as to its copyright status under the copyright laws of other countries. The item may not be in the public domain under the laws of other countries.",http://rightsstatements.org/vocab/NoC-US/1.0/,,,,,,,,,Charles Christopher Parry,https://n2t.net/ark:/87292/w9q52fc51,reformatted digital
ccparry_73,ccparry_74,image,74,0290_parry-notebook_10-070.jpg,/objects/0290_parry-notebook_10-070.jpg,,/objects/0290_parry-notebook_10-070.jpg_small.jpg,/objects//objects/0290_parry-notebook_10-070.jpg_th.jpg,"April 30th--May 1st, 1850",,,,,MS 290,Charles Christopher Parry papers,https://n2t.net/ark:/87292/w9pf5w,,,,,,Iowa State University. Special Collections and University Archives,http://id.loc.gov/authorities/names/no2021021777,,,,,,,,,,,eng,,,,,,,,,,,,,,,,Text,image/tiff,"The Iowa State University Library believes that this item is in the public domain under the laws of the United States, but a determination was not made as to its copyright status under the copyright laws of other countries. The item may not be in the public domain under the laws of other countries.",http://rightsstatements.org/vocab/NoC-US/1.0/,,,,,,,,,Charles Christopher Parry,https://n2t.net/ark:/87292/w9q52fc51,reformatted digital
ccparry_75,,pdf,0,0290_parry-notebook_7.pdf,/objects/0290_parry-notebook_7.pdf,,/objects/0290_parry-notebook_7.pdf_small.jpg,/objects//objects/0290_parry-notebook_7.pdf_th.jpg,"Charles C. Parry field notebook, expedition to the Gila, September 1849-February 1850",,https://n2t.net/ark:/87292/w9nc4h,,,MS 290,Charles Christopher Parry papers,https://n2t.net/ark:/87292/w9pf5w,,,,,,Iowa State University. Special Collections and University Archives,http://id.loc.gov/authorities/names/no2021021777,"Parry, C. C. (Charles Christopher), 1823-1890",http://id.loc.gov/authorities/names/n86873137,,,,,,,"Field notes and observations from the Expedition to the Gila, September-December 1849. Includes a ""sick report"", description of food cultivated and gathered by the Yuma people at North Gila, thermometer readings and weather reports, barometric observations, sketches, and hand-drawn maps.",,eng,1840s;1850s,,,"Botany;Geography;Scientific expeditions;Yuma Indians;Plants, Cultivated;Agriculture;Indigenous crops;Indigenous peoples;Weather;Imperialism;Yuma (North American people)",http://id.worldcat.org/fast/836869;http://id.worldcat.org/fast/940469;http://id.worldcat.org/fast/1108847;http://id.worldcat.org/fast/1183876;http://id.worldcat.org/fast/1066149;http://id.worldcat.org/fast/801355;http://id.worldcat.org/fast/970210;http://id.worldcat.org/fast/970213;http://id.worldcat.org/fast/1173087;http://id.worldcat.org/fast/968126;,North America--Mexican-American Border Region;United States--Gila River;North America--Colorado River;California;Arizona;United States--Gila River Valley;United States--Fort Yuma Reservation;Arizona--Cocopah Indian Reservation,http://id.worldcat.org/fast/1239966;http://id.worldcat.org/fast/1310100;http://id.worldcat.org/fast/1240026;http://id.worldcat.org/fast/1204928;http://id.worldcat.org/fast/1204820;http://id.worldcat.org/fast/1311275;http://id.worldcat.org/fast/1311223;http://id.worldcat.org/fast/1297878,,,,40 pages,,,diaries,http://vocab.getty.edu/aat/300027112,Text,application/pdf,"The Iowa State University Library believes that this item is in the public domain under the laws of the United States, but a determination was not made as to its copyright status under the copyright laws of other countries. The item may not be in the public domain under the laws of other countries.",http://rightsstatements.org/vocab/NoC-US/1.0/,1849/1850,2013-11-01,Iowa State University. Library,http://id.loc.gov/authorities/names/n82160894,,,,,Charles Christopher Parry,https://n2t.net/ark:/87292/w9q52fc51,reformatted digital
ccparry_76,,pdf,0,0290_parry-notebook_8.pdf,/objects/0290_parry-notebook_8.pdf,,/objects/0290_parry-notebook_8.pdf_small.jpg,/objects//objects/0290_parry-notebook_8.pdf_th.jpg,"Charles C. Parry field notebook, botanical and ethnographical notes, December 1849",,https://n2t.net/ark:/87292/w9hk16,,,MS 290,Charles Christopher Parry papers,https://n2t.net/ark:/87292/w9pf5w,,,,,,Iowa State University. Special Collections and University Archives,http://id.loc.gov/authorities/names/no2021021777,"Parry, C. C. (Charles Christopher), 1823-1890",http://id.loc.gov/authorities/names/n86873137,,,,,,,"Botanical and ethnographical notes, Yuma country (December 1849).",,eng,1840s,,,"Botany;Geography;Scientific expeditions;Yuma Indians;Plants, Cultivated;Agriculture;Indigenous crops;Indigenous peoples;Yuma language;Imperialism;Yuma (North American people)",http://id.worldcat.org/fast/836869;http://id.worldcat.org/fast/940469;http://id.worldcat.org/fast/1108847;http://id.worldcat.org/fast/1183876;http://id.worldcat.org/fast/1066149;http://id.worldcat.org/fast/801355;http://id.worldcat.org/fast/970210;http://id.worldcat.org/fast/970213;http://id.worldcat.org/fast/1183881;http://id.worldcat.org/fast/968126;,North America--Mexican-American Border Region;United States--Gila River;North America--Colorado River;California;Arizona;United States--Gila River Valley;United States--Fort Yuma Reservation;Arizona--Cocopah Indian Reservation,http://id.worldcat.org/fast/1239966;http://id.worldcat.org/fast/1310100;http://id.worldcat.org/fast/1240026;http://id.worldcat.org/fast/1204928;http://id.worldcat.org/fast/1204820;http://id.worldcat.org/fast/1311275;http://id.worldcat.org/fast/1311223;http://id.worldcat.org/fast/1297878,,,,30 pages,,,diaries,http://vocab.getty.edu/aat/300027112,Text,application/pdf,"The Iowa State University Library believes that this item is in the public domain under the laws of the United States, but a determination was not made as to its copyright status under the copyright laws of other countries. The item may not be in the public domain under the laws of other countries.",http://rightsstatements.org/vocab/NoC-US/1.0/,1849,2013-11-01,Iowa State University. Library,http://id.loc.gov/authorities/names/n82160895,,,,,Charles Christopher Parry,https://n2t.net/ark:/87292/w9q52fc51,reformatted digital
ccparry_77,,pdf,0,0290_parry-notebook_9.pdf,/objects/0290_parry-notebook_9.pdf,,/objects/0290_parry-notebook_9.pdf_small.jpg,/objects//objects/0290_parry-notebook_9.pdf_th.jpg,"Charles C. Parry field notebook no. 1: botany & geology, June 1849-March 1850",,https://n2t.net/ark:/87292/w9cv9r,,,MS 290,Charles Christopher Parry papers,https://n2t.net/ark:/87292/w9pf5w,,,,,,Iowa State University. Special Collections and University Archives,http://id.loc.gov/authorities/names/no2021021777,"Parry, C. C. (Charles Christopher), 1823-1890",http://id.loc.gov/authorities/names/n86873137,,,,,,,"Field notes and observations from visits to San Diego and the Mexico-United States boundary, June 1849-March 1850. The accounts include botanical and geographical descriptions, as well as ethnographic reports and weather observations.",,eng,1840s;1850s,,,"Botany;Geography;Scientific expeditions;Yuma Indians;Indigenous crops;Indigenous peoples;Plants, Cultivated;Agriculture;Weather;Imperialism;Yuma (North American people)",http://id.worldcat.org/fast/836869;http://id.worldcat.org/fast/940469;http://id.worldcat.org/fast/1108847;http://id.worldcat.org/fast/1183876;http://id.worldcat.org/fast/970210;http://id.worldcat.org/fast/970213;http://id.worldcat.org/fast/1066149;http://id.worldcat.org/fast/801355;http://id.worldcat.org/fast/1173087;http://id.worldcat.org/fast/968126;,North America--Mexican-American Border Region;California--San Diego;United States--Fort Yuma Reservation;Arizona--Cocopah Indian Reservation,http://id.worldcat.org/fast/1239966;http://id.worldcat.org/fast/1205232;http://id.worldcat.org/fast/1311223;http://id.worldcat.org/fast/1297878,,,,152 pages,,,diaries,http://vocab.getty.edu/aat/300027112,Text,application/pdf,"The Iowa State University Library believes that this item is in the public domain under the laws of the United States, but a determination was not made as to its copyright status under the copyright laws of other countries. The item may not be in the public domain under the laws of other countries.",http://rightsstatements.org/vocab/NoC-US/1.0/,1849/1850,2013-11-01,Iowa State University. Library,http://id.loc.gov/authorities/names/n82160896,,,,,Charles Christopher Parry,https://n2t.net/ark:/87292/w9q52fc51,reformatted digital
ccparry_78,,pdf,0,0290_parry-notebook_11.pdf,/objects/0290_parry-notebook_11.pdf,,/objects/0290_parry-notebook_11.pdf_small.jpg,/objects//objects/0290_parry-notebook_11.pdf_th.jpg,"Charles C. Parry field notebook, botanical descriptions from San Felipe, June-July 1850",,https://n2t.net/ark:/87292/w9825c,,,MS 290,Charles Christopher Parry papers,https://n2t.net/ark:/87292/w9pf5w,,,,,,Iowa State University. Special Collections and University Archives,http://id.loc.gov/authorities/names/no2021021777,"Parry, C. C. (Charles Christopher), 1823-1890",http://id.loc.gov/authorities/names/n86873137,,,,,,,"Field notebook with botanical descriptions and sketches of plants near San Felipe, California seen June-July 1850.",,eng,1850s,,,Botany;Geography;Scientific expeditions;Yucca;Agaves;Imperialism,http://id.worldcat.org/fast/836869;http://id.worldcat.org/fast/940469;http://id.worldcat.org/fast/1108847;http://id.worldcat.org/fast/1183745;http://id.worldcat.org/fast/800124;http://id.worldcat.org/fast/968126,North America--Mexican-American Border Region;California;Mexico--San Felipe (Guanajuato),http://id.worldcat.org/fast/1239966;http://id.worldcat.org/fast/1204928;http://id.worldcat.org/fast/1325129,,,,14 pages,,,diaries,http://vocab.getty.edu/aat/300027112,Text,application/pdf,"The Iowa State University Library believes that this item is in the public domain under the laws of the United States, but a determination was not made as to its copyright status under the copyright laws of other countries. The item may not be in the public domain under the laws of other countries.",http://rightsstatements.org/vocab/NoC-US/1.0/,1850,2013-11-01,Iowa State University. Library,http://id.loc.gov/authorities/names/n82160897,,,,,Charles Christopher Parry,https://n2t.net/ark:/87292/w9q52fc51,reformatted digital
ccparry_79,,pdf,0,0290_parry-notebook_12.pdf,/objects/0290_parry-notebook_12.pdf,,/objects/0290_parry-notebook_12.pdf_small.jpg,/objects//objects/0290_parry-notebook_12.pdf_th.jpg,"Charles C. Parry field notebook no. 3: botany & geology, September 1850-March 1851",,https://n2t.net/ark:/87292/w94c4v,,,MS 290,Charles Christopher Parry papers,https://n2t.net/ark:/87292/w9pf5w,,,,,,Iowa State University. Special Collections and University Archives,http://id.loc.gov/authorities/names/no2021021777,"Parry, C. C. (Charles Christopher), 1823-1890",http://id.loc.gov/authorities/names/n86873137,,,,,,,Field notebook no. 3 (September 1850-March 1851).,,eng,1850s,,,Botany;Geography;Scientific expeditions;Weather;Imperialism,http://id.worldcat.org/fast/836869;http://id.worldcat.org/fast/940469;http://id.worldcat.org/fast/1108847;http://id.worldcat.org/fast/1173087;http://id.worldcat.org/fast/968126,North America--Mexican-American Border Region;California;North America--Colorado River,http://id.worldcat.org/fast/1239966;http://id.worldcat.org/fast/1204928;http://id.worldcat.org/fast/1240026,,,,45 pages,,,diaries,http://vocab.getty.edu/aat/300027112,Text,application/pdf,"The Iowa State University Library believes that this item is in the public domain under the laws of the United States, but a determination was not made as to its copyright status under the copyright laws of other countries. The item may not be in the public domain under the laws of other countries.",http://rightsstatements.org/vocab/NoC-US/1.0/,1850/1851,2013-11-01,Iowa State University. Library,http://id.loc.gov/authorities/names/n82160898,,,,,Charles Christopher Parry,https://n2t.net/ark:/87292/w9q52fc51,reformatted digital